word_segment,instances,prominence
ར་,71,1.9744160177975527
ནི,68,1.8909899888765296
ས་,48,1.3348164627363739
པདྨ་,43,1.195773081201335
,39,1.0845383759733036
མ་,36,1.0011123470522802
ལ་,35,0.9733036707452726
ལ,29,0.8064516129032258
དུ་,28,0.778642936596218
དང་,27,0.7508342602892102
༔ཨོཾ་,24,0.6674082313681869
བཛྲ་,23,0.6395995550611792
ནི་,21,0.5839822024471636
རྒྱལ་པོ,19,0.5283648498331479
བྷ་,19,0.5283648498331479
ཛ་,17,0.4727474972191324
ཚོགས་,16,0.44493882091212456
སུ་,16,0.44493882091212456
ཧཱུྃ་,16,0.44493882091212456
རྒྱལ་པོ་,15,0.41713014460511677
མཆོད་,15,0.41713014460511677
རཱ་,15,0.41713014460511677
ཧཱུྃ,15,0.41713014460511677
གྱི་,14,0.389321468298109
ཡི་,14,0.389321468298109
ཀྱི་,14,0.389321468298109
ཧཱ་,14,0.389321468298109
༔པདྨ་,13,0.3615127919911012
གུ་རུ་,13,0.3615127919911012
ཀློང་,13,0.3615127919911012
སྐུ,13,0.3615127919911012
མེད་,12,0.33370411568409347
ཀྱིས་,12,0.33370411568409347
ཞིང་,12,0.33370411568409347
ནས,12,0.33370411568409347
གསུམ་,12,0.33370411568409347
པྲ་,12,0.33370411568409347
བསྟོད,12,0.33370411568409347
ནང་,11,0.3058954393770857
བཅས,11,0.3058954393770857
བླ་མ་,11,0.3058954393770857
ཌཱཀྐི་,11,0.3058954393770857
ས,10,0.27808676307007785
ནས་,10,0.27808676307007785
ཡ་,10,0.27808676307007785
རི་,10,0.27808676307007785
མེ་,10,0.27808676307007785
༔ཚོགས་,9,0.25027808676307006
མི་,9,0.25027808676307006
བཞི་,9,0.25027808676307006
དུ,9,0.25027808676307006
རྣམས,9,0.25027808676307006
ཏུ་,9,0.25027808676307006
དང,9,0.25027808676307006
ནཱི་,9,0.25027808676307006
ས་པ་,9,0.25027808676307006
ཝཱ་,9,0.25027808676307006
ཏཱི་,9,0.25027808676307006
ཙྪ་,9,0.25027808676307006
ཨཿ,9,0.25027808676307006
ཡང་,8,0.22246941045606228
ཟབ་,8,0.22246941045606228
གཏོར་,8,0.22246941045606228
༔ཕྱག་,8,0.22246941045606228
གསང་,8,0.22246941045606228
༔རིག་འཛིན་,8,0.22246941045606228
ཕྱི་,8,0.22246941045606228
གྱིས་,8,0.22246941045606228
འདི,8,0.22246941045606228
ལྡན་,8,0.22246941045606228
བར་ཆད་,8,0.22246941045606228
ཆོས་,8,0.22246941045606228
ག་,8,0.22246941045606228
གིང་,8,0.22246941045606228
༔ཧཱུྃ,8,0.22246941045606228
རོལ,8,0.22246941045606228
སྙིང་,7,0.1946607341490545
བདག་,7,0.1946607341490545
ལྷ་,7,0.1946607341490545
ཚེ་,7,0.1946607341490545
དཔལ་,7,0.1946607341490545
གསོལ,7,0.1946607341490545
རྒྱན་,7,0.1946607341490545
སྟེང་,7,0.1946607341490545
ཚོགས་མཆོད་,7,0.1946607341490545
དག་པ,7,0.1946607341490545
སྤྲུལ་པ,7,0.1946607341490545
ཐུགས་དམ་,7,0.1946607341490545
༔,7,0.1946607341490545
བདེ་སྟོང་,7,0.1946607341490545
ཧ་,7,0.1946607341490545
གི་,6,0.16685205784204674
ཨ་,6,0.16685205784204674
གསོལ་བ་,6,0.16685205784204674
དེ་བཞིན་ཉིད་,6,0.16685205784204674
མཆོད,6,0.16685205784204674
༔བསྟོད་པ་,6,0.16685205784204674
བྱ་བ་,6,0.16685205784204674
ཕྱིར་,6,0.16685205784204674
གཅིག་,6,0.16685205784204674
བཀོད,6,0.16685205784204674
བཤམས,6,0.16685205784204674
རིན་ཆེན་,6,0.16685205784204674
བཞི,6,0.16685205784204674
ལྔ་,6,0.16685205784204674
དཀྱིལ་འཁོར་,6,0.16685205784204674
ལོངས་སྤྱོད་,6,0.16685205784204674
རྡོ་རྗེ་,6,0.16685205784204674
རྒྱ་མཚོ,6,0.16685205784204674
བཤགས,6,0.16685205784204674
ཨོཾ་,6,0.16685205784204674
སྔགས་,6,0.16685205784204674
གཉིས་,6,0.16685205784204674
རྟགས་,6,0.16685205784204674
འགག,6,0.16685205784204674
༔འགྲོ་བ,6,0.16685205784204674
༔ལྷན་སྐྱེས་,6,0.16685205784204674
སཏྭ་,6,0.16685205784204674
བཞེས,6,0.16685205784204674
སྤང་,6,0.16685205784204674
བཀྲ་ཤིས་ཤོག,6,0.16685205784204674
རྒྱུད་,5,0.13904338153503892
འདེབས་,5,0.13904338153503892
བཞུགས་,5,0.13904338153503892
རོལ་,5,0.13904338153503892
༔ཐུགས་དམ་,5,0.13904338153503892
བཞུགས,5,0.13904338153503892
མཆོག་,5,0.13904338153503892
མཁའ་འགྲོ་,5,0.13904338153503892
བསྐོར,5,0.13904338153503892
སིདྡྷི་,5,0.13904338153503892
གསུམ,5,0.13904338153503892
དབྱིངས་,5,0.13904338153503892
བརྡ་,5,0.13904338153503892
རོ་,5,0.13904338153503892
ཤོག,5,0.13904338153503892
བཟང་,5,0.13904338153503892
ཡེ་ཤེས་,5,0.13904338153503892
མེ,5,0.13904338153503892
བྱ,5,0.13904338153503892
རཀ་,5,0.13904338153503892
རྫོགས་,5,0.13904338153503892
བྱེད་,5,0.13904338153503892
ལྔ་ལྡན་,5,0.13904338153503892
ལྷ,5,0.13904338153503892
འབུལ,5,0.13904338153503892
༔བློ་འདས་,5,0.13904338153503892
ཨཱ་,5,0.13904338153503892
སརྦ་,5,0.13904338153503892
མཛོད,5,0.13904338153503892
ན་,5,0.13904338153503892
དཔའ་བོ་,5,0.13904338153503892
གིས་,5,0.13904338153503892
བཅས་,5,0.13904338153503892
བརྒྱད་,5,0.13904338153503892
སོགས་,5,0.13904338153503892
༔གསང་,5,0.13904338153503892
ཕྲིན་ལས་,5,0.13904338153503892
༔ཉེས་ལྟུང་,5,0.13904338153503892
ཡི,4,0.11123470522803114
སོ,4,0.11123470522803114
༔བགེགས་,4,0.11123470522803114
བཀའ་,4,0.11123470522803114
དོ,4,0.11123470522803114
སྤོས་,4,0.11123470522803114
༔ཕྱི་,4,0.11123470522803114
༔སྙིང་པོ་,4,0.11123470522803114
ཀུན་,4,0.11123470522803114
རྒྱལ་མཚན་,4,0.11123470522803114
དངོས་གྲུབ་,4,0.11123470522803114
རྒྱ,4,0.11123470522803114
ལྡན,4,0.11123470522803114
གདན་,4,0.11123470522803114
༔བདག་,4,0.11123470522803114
༔ལན་,4,0.11123470522803114
ངོ་བོ་,4,0.11123470522803114
མགོན་,4,0.11123470522803114
རང་རིག་,4,0.11123470522803114
གླིང་,4,0.11123470522803114
འཁོར་,4,0.11123470522803114
ལམ་,4,0.11123470522803114
ཀུན་བཟང་,4,0.11123470522803114
ཆེན་པོ,4,0.11123470522803114
དྷརྨ་,4,0.11123470522803114
ཏ་,4,0.11123470522803114
སྐོང་,4,0.11123470522803114
ཕཊ,4,0.11123470522803114
གྲྀ་,4,0.11123470522803114
བརྒྱན,4,0.11123470522803114
མཚན་དཔེ་,4,0.11123470522803114
གཡས་,4,0.11123470522803114
ཁ་,4,0.11123470522803114
སེ་,4,0.11123470522803114
རྔ་ཡབ་,4,0.11123470522803114
༔ཐུགས་,4,0.11123470522803114
༔སྣང་སྲིད་,4,0.11123470522803114
མཆོད་པ,4,0.11123470522803114
བདུན,4,0.11123470522803114
མཆོད་འབུལ,4,0.11123470522803114
སྨན་,4,0.11123470522803114
བརྗོད་,4,0.11123470522803114
ཟབ་མོ,4,0.11123470522803114
གཡོ་,4,0.11123470522803114
དོན་,4,0.11123470522803114
ཐུགས་རྗེ་,4,0.11123470522803114
ཆོས་ཉིད་,4,0.11123470522803114
རུ་,4,0.11123470522803114
ཝཿསུ་,4,0.11123470522803114
ཝ་,4,0.11123470522803114
ཧི,4,0.11123470522803114
བསྐང,4,0.11123470522803114
ཞུན་,3,0.08342602892102337
འཕྲེང་བ་,3,0.08342602892102337
བསགས་,3,0.08342602892102337
གཞི་བདག་,3,0.08342602892102337
དཀ,3,0.08342602892102337
༔སྲུང་འཁོར་,3,0.08342602892102337
སྤྱན་,3,0.08342602892102337
ལྷག་,3,0.08342602892102337
༔རྟ་,3,0.08342602892102337
༔དངོས་གྲུབ་,3,0.08342602892102337
༔ནོངས་པ་,3,0.08342602892102337
མཚམས་,3,0.08342602892102337
སྦྱོར་བ་,3,0.08342602892102337
ལེན་,3,0.08342602892102337
ཞེས་,3,0.08342602892102337
བསྟན་པ,3,0.08342602892102337
རིས་,3,0.08342602892102337
སུ,3,0.08342602892102337
མཁའ་འགྲོ,3,0.08342602892102337
རྣམས་,3,0.08342602892102337
བྱིན་རླབས་,3,0.08342602892102337
ཅིང་,3,0.08342602892102337
ལེགས་,3,0.08342602892102337
༔པད་,3,0.08342602892102337
བདེ་ཆེན་,3,0.08342602892102337
༔རིན་ཆེན་,3,0.08342602892102337
འཕྲེང་,3,0.08342602892102337
ལྔ,3,0.08342602892102337
རྒྱན,3,0.08342602892102337
༔དེ,3,0.08342602892102337
སྣོད་,3,0.08342602892102337
རི,3,0.08342602892102337
གཏེར་,3,0.08342602892102337
གཏོར་མ་,3,0.08342602892102337
བདུད་རྩི་,3,0.08342602892102337
༔མཆོད་,3,0.08342602892102337
༔དེ་ལྟར་,3,0.08342602892102337
ཀུན,3,0.08342602892102337
༔ཧོ,3,0.08342602892102337
ཞི་,3,0.08342602892102337
༔ཀ་དག་,3,0.08342602892102337
ཞིང་ཁམས་,3,0.08342602892102337
གདོད་མ,3,0.08342602892102337
སྐུ་,3,0.08342602892102337
ཨོ་རྒྱན་,3,0.08342602892102337
སོ་,3,0.08342602892102337
འགལ་རྐྱེན་,3,0.08342602892102337
སོལ,3,0.08342602892102337
ཏིང་འཛིན་,3,0.08342602892102337
དེ,3,0.08342602892102337
རྣམ་,3,0.08342602892102337
གང་,3,0.08342602892102337
འི,3,0.08342602892102337
སྣ་ཚོགས་,3,0.08342602892102337
འཆང་,3,0.08342602892102337
གནས་,3,0.08342602892102337
ཧོ,3,0.08342602892102337
ར,3,0.08342602892102337
ངང་,3,0.08342602892102337
ཕྱག་,3,0.08342602892102337
ཁཾ་,3,0.08342602892102337
ཨཱཿ,3,0.08342602892102337
བཞེས་,3,0.08342602892102337
༔གཉིས་,3,0.08342602892102337
བགེགས་,3,0.08342602892102337
འཕྲོ,3,0.08342602892102337
དཔུང་,3,0.08342602892102337
༔སྣོད་བཅུད་,3,0.08342602892102337
འཁོར་ལོ་,3,0.08342602892102337
ཤིགས་,3,0.08342602892102337
༔མཁའ་འགྲོ་,3,0.08342602892102337
ཆགས་,3,0.08342602892102337
ཏིཥྛ་,3,0.08342602892102337
ཏྲཱཾ་,3,0.08342602892102337
ཧྲཱི་,3,0.08342602892102337
ཨཱཿཏིང་འཛིན་,3,0.08342602892102337
བྱིན་རླབས་པ,3,0.08342602892102337
སྤྲིན་,3,0.08342602892102337
༔མཆོད་ཡོན་,3,0.08342602892102337
མེ་ཏོག་,3,0.08342602892102337
དྲི་མ,3,0.08342602892102337
༔ཞལ་ཟས་,3,0.08342602892102337
སྒྲ་སྙན་,3,0.08342602892102337
རྒྱལ་སྲིད་,3,0.08342602892102337
༔རྫས་,3,0.08342602892102337
རིག་,3,0.08342602892102337
བྱ་,3,0.08342602892102337
མེད,3,0.08342602892102337
མཆོད་སྤྲིན་,3,0.08342602892102337
ཨརྒྷཾ་,3,0.08342602892102337
ཤཔྟ་,3,0.08342602892102337
བར,3,0.08342602892102337
རཱུ་པ,3,0.08342602892102337
ཤཔྟ,3,0.08342602892102337
གྷནྡྷེ,3,0.08342602892102337
ར་ས,3,0.08342602892102337
སྤཪྴེ,3,0.08342602892102337
པཉྩ་,3,0.08342602892102337
བྷ་ལིང་ཏ་,3,0.08342602892102337
རཀྟ་,3,0.08342602892102337
དྷ་,3,0.08342602892102337
འདས་,3,0.08342602892102337
༔ངེས་པ་,3,0.08342602892102337
རྫོགས,3,0.08342602892102337
༔ཐུགས་རྗེ་,3,0.08342602892102337
ཅིར་,3,0.08342602892102337
སྣང་,3,0.08342602892102337
༔སྐུ་གསུམ་,3,0.08342602892102337
༔སྐུ་,3,0.08342602892102337
འགྱུར་,3,0.08342602892102337
ལྡན་པ,3,0.08342602892102337
༔གསུང་,3,0.08342602892102337
ཚངས་དབྱངས་,3,0.08342602892102337
གསུང,3,0.08342602892102337
སྨྲ་,3,0.08342602892102337
བསམ་བརྗོད་,3,0.08342602892102337
འདས,3,0.08342602892102337
༔སྐུ་གསུང་ཐུགས་,3,0.08342602892102337
༔སངས་རྒྱས་,3,0.08342602892102337
གཞན་,3,0.08342602892102337
མྱུར,3,0.08342602892102337
༔མ་འོངས་,3,0.08342602892102337
དད་,3,0.08342602892102337
གཏན་,3,0.08342602892102337
བདེ,3,0.08342602892102337
༔ཐབས་ཤེས་,3,0.08342602892102337
དལ་བ་,3,0.08342602892102337
ཆེ,3,0.08342602892102337
མཐ,3,0.08342602892102337
ཕྱིན་,3,0.08342602892102337
རིགས་བཞི་,3,0.08342602892102337
དཔའ་མོ་,3,0.08342602892102337
སྤེལ,3,0.08342602892102337
༔མ་,3,0.08342602892102337
ཙིཏྟ་,3,0.08342602892102337
ཕ་ལ་,3,0.08342602892102337
ཙ་,3,0.08342602892102337
ཏེ་,3,0.08342602892102337
ཏོ་,3,0.08342602892102337
ཐཱ་,3,0.08342602892102337
༔ནང་མཆོད་,3,0.08342602892102337
འདོད་ཡོན་,3,0.08342602892102337
༔དཔའ་བོ་,3,0.08342602892102337
ཆེན་,3,0.08342602892102337
གཞོང་,3,0.08342602892102337
དགྱེས་,3,0.08342602892102337
བསྐང་,3,0.08342602892102337
འདུས་,3,0.08342602892102337
ཞི་བ,3,0.08342602892102337
ཁཱ་,3,0.08342602892102337
༔འདི,3,0.08342602892102337
༔སྒྲུབ་ཐབས་,2,0.05561735261401557
གཞི་,2,0.05561735261401557
རྟེན་,2,0.05561735261401557
སྐྱབས་འགྲོ་,2,0.05561735261401557
༔སེམས་བསྐྱེད་,2,0.05561735261401557
ཤེལ་དཀར་,2,0.05561735261401557
༔ཡན་ལག་,2,0.05561735261401557
བདུན་པ,2,0.05561735261401557
བསྒོ་བ་,2,0.05561735261401557
བསྒོམ་པ་,2,0.05561735261401557
མདུན་,2,0.05561735261401557
དབྱེ,2,0.05561735261401557
༔སྒོམ་པ་,2,0.05561735261401557
ཏིའི་,2,0.05561735261401557
ཁྱད་,2,0.05561735261401557
༔རྔ་,2,0.05561735261401557
བདུག་,2,0.05561735261401557
དབྱངས་སྙན་,2,0.05561735261401557
བསུ,2,0.05561735261401557
འཚལ་བ་,2,0.05561735261401557
བཟླས་,2,0.05561735261401557
དམིགས་,2,0.05561735261401557
སྙིང་པོ་,2,0.05561735261401557
༔ཨཱ་ལི,2,0.05561735261401557
ཀཱ་ལི,2,0.05561735261401557
རིམ་པ་,2,0.05561735261401557
འདྲེན་པ་,2,0.05561735261401557
༔བསྐང་བཤགས་,2,0.05561735261401557
བསྔོ་བ་,2,0.05561735261401557
བསྐུལ་བ་,2,0.05561735261401557
༔ཆད་ཐོ་,2,0.05561735261401557
༔བརྟན་མ་,2,0.05561735261401557
སྐྱོང་བ་,2,0.05561735261401557
བྲོ་,2,0.05561735261401557
བླང་བ་,2,0.05561735261401557
བཤགས་པ་,2,0.05561735261401557
བསྡུ་བ་,2,0.05561735261401557
༔བཀྲ་ཤིས་,2,0.05561735261401557
བརྗོད་པ་,2,0.05561735261401557
༔༄༅,2,0.05561735261401557
༔གཡང་,2,0.05561735261401557
སྣོད་བཅུད་,2,0.05561735261401557
རྒྱ་མཚོ་,2,0.05561735261401557
ཞབས་བརྟན་,2,0.05561735261401557
ནུབ་,2,0.05561735261401557
མཚམས,2,0.05561735261401557
བརྙེས,2,0.05561735261401557
ཀྱིས,2,0.05561735261401557
༔བྱིན་,2,0.05561735261401557
གཤེགས་,2,0.05561735261401557
༔གུ་རུ་,2,0.05561735261401557
༔ཀུན་བཟང་,2,0.05561735261401557
དགོངས་པ,2,0.05561735261401557
བྱོན,2,0.05561735261401557
སྙིང་བཅུད་,2,0.05561735261401557
༔དམ་,2,0.05561735261401557
མིན་,2,0.05561735261401557
༔ལ,2,0.05561735261401557
དགོངས་,2,0.05561735261401557
ཉི་ཟླ་,2,0.05561735261401557
འཁོར་ལོ,2,0.05561735261401557
ཉམས་,2,0.05561735261401557
དར་,2,0.05561735261401557
མཛེས་པ,2,0.05561735261401557
འདབ་,2,0.05561735261401557
ཕྲེང་,2,0.05561735261401557
ས་བོན་,2,0.05561735261401557
མཚན,2,0.05561735261401557
འདོད་སྣམ་,2,0.05561735261401557
བབ་,2,0.05561735261401557
གདུགས་,2,0.05561735261401557
དཔག་བསམ་,2,0.05561735261401557
༔བུམ་,2,0.05561735261401557
ཐོན་,2,0.05561735261401557
རལ་གྲི,2,0.05561735261401557
༔ཕྱོགས་,2,0.05561735261401557
མཆོད་གཏོར་,2,0.05561735261401557
ལིང་,2,0.05561735261401557
༔དྲི་ཞིམ་,2,0.05561735261401557
ཐུལ,2,0.05561735261401557
རང་ཉིད་,2,0.05561735261401557
༔ན་མོ་,2,0.05561735261401557
སེམས་ཅན་,2,0.05561735261401557
༔མཆོག་,2,0.05561735261401557
ཉིད,2,0.05561735261401557
དག་,2,0.05561735261401557
སྤྲོས་བྲལ་,2,0.05561735261401557
ན,2,0.05561735261401557
གངས་ཅན་,2,0.05561735261401557
མུ་,2,0.05561735261401557
ཁྲི་,2,0.05561735261401557
འཇའ་ཚོན་,2,0.05561735261401557
བབས་,2,0.05561735261401557
འཛིན,2,0.05561735261401557
རིག་འཛིན་,2,0.05561735261401557
རང་ཞལ་,2,0.05561735261401557
འབུམ་ཕྲག་,2,0.05561735261401557
བསྐོར་བ,2,0.05561735261401557
དབུས,2,0.05561735261401557
གོ་འཕང་,2,0.05561735261401557
བྲལ་བ་,2,0.05561735261401557
ཐོབ་,2,0.05561735261401557
བཀྲ་ཤིས,2,0.05561735261401557
བྲལ་,2,0.05561735261401557
རབས་,2,0.05561735261401557
མྱུར་,2,0.05561735261401557
༔རིག་རྩལ་,2,0.05561735261401557
ལོ,2,0.05561735261401557
༔རིག་,2,0.05561735261401557
རང་,2,0.05561735261401557
ཆོས་འཁོར་,2,0.05561735261401557
བསྔོ,2,0.05561735261401557
༔རཾ་,2,0.05561735261401557
ཡཾ་,2,0.05561735261401557
ཁཾ,2,0.05561735261401557
ཕྱིར,2,0.05561735261401557
འཛིན་,2,0.05561735261401557
འཁྲུལ་,2,0.05561735261401557
༔བཀའ་,2,0.05561735261401557
སུཾ་,2,0.05561735261401557
ཧྣ་,2,0.05561735261401557
ཐུགས་ཀ་,2,0.05561735261401557
རྡོ་རྗེ,2,0.05561735261401557
ཚཱ་,2,0.05561735261401557
བྷྲཱུཾ་,2,0.05561735261401557
ཀློང་ཡངས་,2,0.05561735261401557
༔གཞལ་ཡས་,2,0.05561735261401557
ལྷུན་,2,0.05561735261401557
སྟེང,2,0.05561735261401557
ཎ་,2,0.05561735261401557
བུམ་,2,0.05561735261401557
ལྷ་མོ་,2,0.05561735261401557
ཡིས,2,0.05561735261401557
སེ,2,0.05561735261401557
དམར་,2,0.05561735261401557
ཟླ,2,0.05561735261401557
༔ཧྲཱིཿ,2,0.05561735261401557
༔དར་,2,0.05561735261401557
གདུབ་,2,0.05561735261401557
བསྣམས,2,0.05561735261401557
༔གཡོན་པ་,2,0.05561735261401557
གསེར་,2,0.05561735261401557
མཚོ་,2,0.05561735261401557
བུམ་པ་,2,0.05561735261401557
འོད་,2,0.05561735261401557
མ,2,0.05561735261401557
༔ཀུན་,2,0.05561735261401557
ན་བཟའ་,2,0.05561735261401557
༔རྡོ་རྗེ,2,0.05561735261401557
ཤིག,2,0.05561735261401557
ལྷངས་,2,0.05561735261401557
སི་,2,0.05561735261401557
ལི་,2,0.05561735261401557
ལི,2,0.05561735261401557
བཅུ་,2,0.05561735261401557
གུར,2,0.05561735261401557
༔ཧཱུྃ་,2,0.05561735261401557
བཟློག,2,0.05561735261401557
༔སྣང་,2,0.05561735261401557
བསྐྱེད,2,0.05561735261401557
༔རང་,2,0.05561735261401557
ལུས་,2,0.05561735261401557
ཆུ་,2,0.05561735261401557
འོད་འཕྲོ,2,0.05561735261401557
༔ཨོ་རྒྱན་,2,0.05561735261401557
༔ཧྲཱི,2,0.05561735261401557
བསྐུལ་,2,0.05561735261401557
དགྱེས་པ,2,0.05561735261401557
ཡེ་,2,0.05561735261401557
༔ཧྲཱིཿསྤྲོས་བྲལ་,2,0.05561735261401557
༔རང་ཉིད་,2,0.05561735261401557
ཐིམ,2,0.05561735261401557
ཚེ་བསོད་,2,0.05561735261401557
བཞིན་,2,0.05561735261401557
ང་,2,0.05561735261401557
ཡིས་,2,0.05561735261401557
རྒྱ་,2,0.05561735261401557
ཉ,2,0.05561735261401557
ཊ་,2,0.05561735261401557
ཤ་,2,0.05561735261401557
ཡ་མ་,2,0.05561735261401557
ནུ་,2,0.05561735261401557
པཱ་,2,0.05561735261401557
ཡཿབཛྲ་,2,0.05561735261401557
ནོ་པ་,2,0.05561735261401557
དྲྀ་,2,0.05561735261401557
ཌྷོ་,2,0.05561735261401557
ཥྱ་,2,0.05561735261401557
པོཥྱོ་,2,0.05561735261401557
ཝཿཨ་ནུ་,2,0.05561735261401557
རཀྟོ་,2,0.05561735261401557
ཝཿསརྦ་,2,0.05561735261401557
མྨེ་,2,0.05561735261401557
ཡཙྪཿསརྦ་,2,0.05561735261401557
ཀརྨ་,2,0.05561735261401557
མེཿཙིཏྟཾ་,2,0.05561735261401557
ཤྲི་,2,0.05561735261401557
ཡཾཀུ་,2,0.05561735261401557
ཧཱུཾཿཧ་,2,0.05561735261401557
ཧོཿབྷ་,2,0.05561735261401557
ཝཱནཿསརྦ་,2,0.05561735261401557
ཏཿབཛྲ་,2,0.05561735261401557
མཱ་,2,0.05561735261401557
མུཉྩ་,2,0.05561735261401557
བཛྲི་,2,0.05561735261401557
ཧེ་,2,0.05561735261401557
༔ཚོགས་མཆོད་,2,0.05561735261401557
ནོར་བུ་,2,0.05561735261401557
བཞེངས,2,0.05561735261401557
༔བར་,2,0.05561735261401557
རྂ་,2,0.05561735261401557
ཡྂ་,2,0.05561735261401557
༔བཛྲ་,2,0.05561735261401557
འོག་མིན་,2,0.05561735261401557
ཆོས་སྐུ,2,0.05561735261401557
མཉམ་,2,0.05561735261401557
སོགས,2,0.05561735261401557
༔གསང་སྔགས་,2,0.05561735261401557
དམ་ཚིག་,2,0.05561735261401557
ཐུན་,2,0.05561735261401557
མཛད་པ,2,0.05561735261401557
ལྷ་ཚོགས་,2,0.05561735261401557
ཟིན་,2,0.05561735261401557
གྱི,2,0.05561735261401557
༔རྣལ་འབྱོར་,2,0.05561735261401557
རབ་ཏུ་,2,0.05561735261401557
ཉན་,2,0.05561735261401557
ལིངྟ་,2,0.05561735261401557
སྩོལ,2,0.05561735261401557
ཚེ,2,0.05561735261401557
༔རྡོ་རྗེ་,2,0.05561735261401557
༔ཀློང་ཡངས་,2,0.05561735261401557
ཚར་གཅོད་,2,0.05561735261401557
ཧྲིཾ་,2,0.05561735261401557
༔ཧོཿཔདྨ་,2,0.05561735261401557
དབང་,2,0.05561735261401557
གྱིས,2,0.05561735261401557
སྟོང་,2,0.05561735261401557
བཞུགསལམ་,1,0.027808676307007785
༔བཞུགས་,1,0.027808676307007785
ཡིག་བརྒྱ,1,0.027808676307007785
རྟེནན་,1,0.027808676307007785
འབྲེལ,1,0.027808676307007785
༔བསྒྲལ་,1,0.027808676307007785
བསྟབ་པ་,1,0.027808676307007785
འབུལ་,1,0.027808676307007785
༔རྫོགས་རིམ་,1,0.027808676307007785
ནིབསྔོ་སྨོན་,1,0.027808676307007785
༔གཏེར་སྲུང་,1,0.027808676307007785
བཙན་,1,0.027808676307007785
འབར་བ་,1,0.027808676307007785
༔གསོལ་མཆོད་,1,0.027808676307007785
འདོད་དོན་,1,0.027808676307007785
འགྲུབ་,1,0.027808676307007785
༔༄,1,0.027808676307007785
འཆི་མེད་,1,0.027808676307007785
སྟེར་,1,0.027808676307007785
༄,1,0.027808676307007785
སྐྱབས་རྗེ་,1,0.027808676307007785
རྟོགས་ལྡན་,1,0.027808676307007785
དཀོན་མཆོག་,1,0.027808676307007785
ཐུབ་བསྟན་,1,0.027808676307007785
ཧཱུྃཿཨོ་རྒྱན་,1,0.027808676307007785
ཡུལ་,1,0.027808676307007785
ནུབ་བྱང་,1,0.027808676307007785
གེ་སར་,1,0.027808676307007785
སྡོང་པོ་,1,0.027808676307007785
༔ཡ་མཚན་,1,0.027808676307007785
འབྱུང་གནས་,1,0.027808676307007785
གྲགས,1,0.027808676307007785
༔འཁོར་,1,0.027808676307007785
མང་པོ,1,0.027808676307007785
༔ཁྱེད་,1,0.027808676307007785
རྗེས་སུ་,1,0.027808676307007785
སྒྲུབ་,1,0.027808676307007785
བརླབ་,1,0.027808676307007785
ཧཱུྃཿལན་,1,0.027808676307007785
༔༔,1,0.027808676307007785
༔༔༔,1,0.027808676307007785
ན་མོ་,1,0.027808676307007785
ཡེ,1,0.027808676307007785
༔ནམ་མཁའ་,1,0.027808676307007785
ཐུགས་,1,0.027808676307007785
བཅུད,1,0.027808676307007785
༔དུས་,1,0.027808676307007785
ངན་འགྲོ་བ,1,0.027808676307007785
༔ཨེ་མ་,1,0.027808676307007785
ཐམ་,1,0.027808676307007785
ལྡན་བུ་,1,0.027808676307007785
༔རྟོགས་པ,1,0.027808676307007785
གྲོལ་,1,0.027808676307007785
འབྱུང་,1,0.027808676307007785
སྒྲུབ་ཐབས་,1,0.027808676307007785
༔ཚེ་སྒྲུབ་,1,0.027808676307007785
གའུ་,1,0.027808676307007785
༔སྐལ་ལྡན་,1,0.027808676307007785
༔ཀུན་རྫོབ་,1,0.027808676307007785
ཡི་གེ,1,0.027808676307007785
༔དང་པོ་,1,0.027808676307007785
སྦྱོར་,1,0.027808676307007785
དངོས་,1,0.027808676307007785
རྫེས་,1,0.027808676307007785
༔སྦྱོར་བ་,1,0.027808676307007785
དབེན་གནས་,1,0.027808676307007785
དགའ་,1,0.027808676307007785
༔གཙང་,1,0.027808676307007785
བཀོད་,1,0.027808676307007785
བྱི་དོར་,1,0.027808676307007785
ཁྲི,1,0.027808676307007785
༔ལྡ་ལྡི་,1,0.027808676307007785
ནོར་,1,0.027808676307007785
༔ཡིད་འོང་,1,0.027808676307007785
ཙན་དན་,1,0.027808676307007785
ཁྲི་ལྕོག་,1,0.027808676307007785
༔དཀྱིལ་འཁོར་,1,0.027808676307007785
༔འོད་,1,0.027808676307007785
མུ་ཁྱུད་,1,0.027808676307007785
རྡོར་,1,0.027808676307007785
༔ལྟེ་བ,1,0.027808676307007785
ལྷ་གནས་,1,0.027808676307007785
༔རྩིག་པ་,1,0.027808676307007785
ལ་སོགས་པ,1,0.027808676307007785
སྣམ་བུ་,1,0.027808676307007785
༔རྒྱལ་མཚན་,1,0.027808676307007785
ཤིང་,1,0.027808676307007785
ལེགས་པ,1,0.027808676307007785
བྲིས,1,0.027808676307007785
གུར་ཁང་,1,0.027808676307007785
སྔོ,1,0.027808676307007785
༔བསྐོར་,1,0.027808676307007785
ཚད་ལྡན་,1,0.027808676307007785
ལྷུན་གྲུབ་,1,0.027808676307007785
༔དེ་,1,0.027808676307007785
སྒྲུབ་གཏོར་,1,0.027808676307007785
༔བང་རིམ་,1,0.027808676307007785
ཉི་ཟླ,1,0.027808676307007785
གདན,1,0.027808676307007785
༔པད་འདབ་,1,0.027808676307007785
བརྒྱན་,1,0.027808676307007785
དབྱིབས,1,0.027808676307007785
མཁའ་,1,0.027808676307007785
འཁྲོའི་,1,0.027808676307007785
༔ཆད་,1,0.027808676307007785
བརྟན་,1,0.027808676307007785
བསྲུང་,1,0.027808676307007785
༔སྨན་,1,0.027808676307007785
ཚར་,1,0.027808676307007785
ཡིད་འོང་,1,0.027808676307007785
༔མེ་ཏོག་,1,0.027808676307007785
མཛེས་,1,0.027808676307007785
ཚོན་,1,0.027808676307007785
བཅལ་,1,0.027808676307007785
བཀྲམ,1,0.027808676307007785
སྤོམ་,1,0.027808676307007785
བདུག་སྤོས་,1,0.027808676307007785
བསྒྲུབ་,1,0.027808676307007785
༔དངོས་གཞི,1,0.027808676307007785
སྒྲུབ་པ་པོ,1,0.027808676307007785
༔དག་པ་,1,0.027808676307007785
གཙང་,1,0.027808676307007785
སྤྲ་,1,0.027808676307007785
༔རྡོར་དྲིལ་,1,0.027808676307007785
ཌ་རུ་,1,0.027808676307007785
སྐྱིལ་ཀྲུང་,1,0.027808676307007785
༔བག་,1,0.027808676307007785
ཕེབས་,1,0.027808676307007785
བདེ་བ,1,0.027808676307007785
འཁོད,1,0.027808676307007785
༔ལམ་,1,0.027808676307007785
གྱུར་,1,0.027808676307007785
རྩ་,1,0.027808676307007785
ཡིད་,1,0.027808676307007785
དྭངས་,1,0.027808676307007785
བས་,1,0.027808676307007785
སྐྱབས་,1,0.027808676307007785
མཆི,1,0.027808676307007785
སྡང་དགྲ་,1,0.027808676307007785
༔མ་རིག་,1,0.027808676307007785
དུག་,1,0.027808676307007785
༔ཡེ་ཤེས་,1,0.027808676307007785
རུ,1,0.027808676307007785
སེམས་བསྐྱེད་,1,0.027808676307007785
ཨེ་མ་,1,0.027808676307007785
ཧོཿཀ་,1,0.027808676307007785
དཀ་,1,0.027808676307007785
མགོན་པོ་,1,0.027808676307007785
ཆོས་སྐུ་,1,0.027808676307007785
བཅོམ་ལྡན་,1,0.027808676307007785
སེམས,1,0.027808676307007785
རིན་པོ་ཆེ,1,0.027808676307007785
ཆོས་རྒྱལ་,1,0.027808676307007785
ལྷ་སྲས་,1,0.027808676307007785
བཙན,1,0.027808676307007785
གཙུག་ནོར་,1,0.027808676307007785
མྱང་,1,0.027808676307007785
བན་,1,0.027808676307007785
རྗེས་བཟུང་,1,0.027808676307007785
གཏེར་ཆེན་,1,0.027808676307007785
ཡིསརྗེས་,1,0.027808676307007785
བཟུང་བ,1,0.027808676307007785
མང་ཡུལ་,1,0.027808676307007785
རིག་པ་,1,0.027808676307007785
ནག་,1,0.027808676307007785
འདུལ་,1,0.027808676307007785
འགྲོ་བ,1,0.027808676307007785
སྣང་ངོ,1,0.027808676307007785
སྟོན་པ,1,0.027808676307007785
ཟློས་གར་,1,0.027808676307007785
བསྒྱུར་,1,0.027808676307007785
ཁྱད་པར་,1,0.027808676307007785
བླ་མ,1,0.027808676307007785
ཤེས་,1,0.027808676307007785
འདེབས,1,0.027808676307007785
རང་སྣང་,1,0.027808676307007785
པད་མ་,1,0.027808676307007785
འོད,1,0.027808676307007785
རྒྱལ,1,0.027808676307007785
མངོན་སུམ་,1,0.027808676307007785
མཇལ་བ,1,0.027808676307007785
སྐལ་ཐོབ་,1,0.027808676307007785
རང་གྲོལ་,1,0.027808676307007785
གྲལ་,1,0.027808676307007785
འཁོད་པ,1,0.027808676307007785
ཞིང་མཆོག་,1,0.027808676307007785
འདྲྭ་བ,1,0.027808676307007785
ཧེ་རུ་ཀ,1,0.027808676307007785
མཆོག་ཐོབ་,1,0.027808676307007785
སྲིད་ཞི,1,0.027808676307007785
མངའ་དབང་,1,0.027808676307007785
བསྒྱུར,1,0.027808676307007785
གཞོམ་,1,0.027808676307007785
ཞིག་,1,0.027808676307007785
གཞོན་ནུ་,1,0.027808676307007785
བུམ་པ,1,0.027808676307007785
མངོན་པར་,1,0.027808676307007785
བྱང་ཆུབ་,1,0.027808676307007785
མཐོང་,1,0.027808676307007785
ཟུང་འཇུག་,1,0.027808676307007785
ཅེས་པ་,1,0.027808676307007785
རྟོགས་,1,0.027808676307007785
བྲིས་པ,1,0.027808676307007785
འོ,1,0.027808676307007785
སྐྱེ་བ་,1,0.027808676307007785
ཡང་དག་,1,0.027808676307007785
ཅིང,1,0.027808676307007785
ཡོན་ཏན་,1,0.027808676307007785
༔མཁའ་,1,0.027808676307007785
ཇི་བཞིན་,1,0.027808676307007785
༔རང་བྱུང་,1,0.027808676307007785
འཚལ་,1,0.027808676307007785
༔ཉམས་སྣང་,1,0.027808676307007785
མཆོད་པ་,1,0.027808676307007785
ཚད་,1,0.027808676307007785
༔ཆོས་,1,0.027808676307007785
ཟད་,1,0.027808676307007785
དགེ་,1,0.027808676307007785
རྗེས་,1,0.027808676307007785
༔འཇའ་ལུས་,1,0.027808676307007785
འཕོ་ཆེན་,1,0.027808676307007785
གསོལ་འདེབས,1,0.027808676307007785
༔དགེ་ཚོགས་,1,0.027808676307007785
བླ་མེད་,1,0.027808676307007785
བུམ་སྐུ,1,0.027808676307007785
༔གཞི་བདག་,1,0.027808676307007785
ཀཱ་,1,0.027808676307007785
ཎཱཾ་,1,0.027808676307007785
ཨཱདྱ་,1,0.027808676307007785
ནཱ་,1,0.027808676307007785
མྣེ་,1,0.027808676307007785
ཏྭ་,1,0.027808676307007785
ཕཊ་,1,0.027808676307007785
སྭཱཧཱ,1,0.027808676307007785
དཀར་ཕྱོགས་,1,0.027808676307007785
༔སྒྲུབ་པོ་,1,0.027808676307007785
རྐྱེན་,1,0.027808676307007785
༔བ་,1,0.027808676307007785
འདི་,1,0.027808676307007785
༔ཡིདའདོད་,1,0.027808676307007785
རེ་,1,0.027808676307007785
བདེ་ལེགས་,1,0.027808676307007785
༔ཧཱུྃདུག་,1,0.027808676307007785
རྦ་ཀློང་,1,0.027808676307007785
འཁྲུགས་པ,1,0.027808676307007785
རྒྱུ,1,0.027808676307007785
འགོང་པོ,1,0.027808676307007785
དགྲ,1,0.027808676307007785
རྟོག་,1,0.027808676307007785
ལས་མ་,1,0.027808676307007785
འདའ་,1,0.027808676307007785
དེངས,1,0.027808676307007785
༔སུམ་,1,0.027808676307007785
བྷའི་,1,0.027808676307007785
བསྐྲད་,1,0.027808676307007785
༔ཡུངས་དཀར་,1,0.027808676307007785
གུ་གུལ་,1,0.027808676307007785
བདུག,1,0.027808676307007785
ཧྣཱ་པ་,1,0.027808676307007785
ཧྣ་པ་,1,0.027808676307007785
༔བྷ་,1,0.027808676307007785
ཝཱན,1,0.027808676307007785
བི་,1,0.027808676307007785
དྱཱ་,1,0.027808676307007785
སྲུང་འཁོར་,1,0.027808676307007785
༔ཧཱུྃབདག་ཉིད་,1,0.027808676307007785
༔འོད་ཟེར་,1,0.027808676307007785
ཕ་རོལ་,1,0.027808676307007785
བསྐྲད,1,0.027808676307007785
༔ཆོས་དབྱིངས་,1,0.027808676307007785
བཅད་,1,0.027808676307007785
ཕ་ལམ་,1,0.027808676307007785
རཀྵ་,1,0.027808676307007785
༔ཨཻ,1,0.027808676307007785
༔ཡཾ་,1,0.027808676307007785
རཾ་,1,0.027808676307007785
ལཾ་,1,0.027808676307007785
༔འབྱུང་བ་,1,0.027808676307007785
རིམ་,1,0.027808676307007785
བརྩེགས་,1,0.027808676307007785
བརྗིད་,1,0.027808676307007785
༔བརྩིགས་པ་,1,0.027808676307007785
ཕ་གུ་,1,0.027808676307007785
༔དྲྭ་,1,0.027808676307007785
ཕྱེད་,1,0.027808676307007785
མདའ་ཡབ་,1,0.027808676307007785
པདྨ,1,0.027808676307007785
༔ཀ་བ་,1,0.027808676307007785
ཀ་,1,0.027808676307007785
མུན་པ,1,0.027808676307007785
གུ་,1,0.027808676307007785
ཧར,1,0.027808676307007785
ཏོག་,1,0.027808676307007785
༔རི་དྭགས་,1,0.027808676307007785
རྡོ་,1,0.027808676307007785
རྭ་,1,0.027808676307007785
གཡས་གཡོན་,1,0.027808676307007785
ཤིང,1,0.027808676307007785
༔བ་དན་,1,0.027808676307007785
སྦྲེང,1,0.027808676307007785
༔སྤྲིན་,1,0.027808676307007785
གུར་,1,0.027808676307007785
བཏེག་,1,0.027808676307007785
ཁྲུས་གསོལ་,1,0.027808676307007785
འབེབས,1,0.027808676307007785
༔ཤར་,1,0.027808676307007785
ལྷོ་,1,0.027808676307007785
ལྗང་,1,0.027808676307007785
མདོག,1,0.027808676307007785
༔བྱང་,1,0.027808676307007785
མཐིང་,1,0.027808676307007785
ཕྱོགས་,1,0.027808676307007785
མདོག་,1,0.027808676307007785
ལྟེ་བ,1,0.027808676307007785
དབུས་,1,0.027808676307007785
༔སེང་ཁྲི་,1,0.027808676307007785
པད་,1,0.027808676307007785
༔སྐུ་མདོག་,1,0.027808676307007785
གོས་,1,0.027808676307007785
བེར་,1,0.027808676307007785
༔དབུ་,1,0.027808676307007785
ལ་ལ་,1,0.027808676307007785
ཐོད་,1,0.027808676307007785
༔སྙན་,1,0.027808676307007785
མགུལ་རྒྱན་,1,0.027808676307007785
༔གསེར་,1,0.027808676307007785
སྐེད་,1,0.027808676307007785
གཡུ་,1,0.027808676307007785
ཁྲ་,1,0.027808676307007785
ཚོམས་,1,0.027808676307007785
བཅིངས,1,0.027808676307007785
དགུག་,1,0.027808676307007785
ལྕགས་ཀྱུ་,1,0.027808676307007785
༔ཞབས་,1,0.027808676307007785
སྟབས་,1,0.027808676307007785
༔གཡས་,1,0.027808676307007785
ལྷ་ལྕམ་,1,0.027808676307007785
རྒྱལ་མ,1,0.027808676307007785
མདའ་དར་,1,0.027808676307007785
མེ་ལོང་,1,0.027808676307007785
༔ཡོན་པ་,1,0.027808676307007785
༔གཡོན་,1,0.027808676307007785
གཡོན་,1,0.027808676307007785
བཀང,1,0.027808676307007785
༔གཡས་པ་,1,0.027808676307007785
མཆོད་འབུལ་,1,0.027808676307007785
ཕྱག་རྒྱ་,1,0.027808676307007785
༔རྒྱབ་,1,0.027808676307007785
མནྡ་,1,0.027808676307007785
ར་བ་,1,0.027808676307007785
ཊྭཾ་,1,0.027808676307007785
དར་དཔྱངས་,1,0.027808676307007785
ཀཱ་པ་,1,0.027808676307007785
༔མདུན་,1,0.027808676307007785
ལྕོགས་,1,0.027808676307007785
གཟའ་,1,0.027808676307007785
སྒྲོན་,1,0.027808676307007785
༔དཀ,1,0.027808676307007785
དམར་མདངས་,1,0.027808676307007785
ཆགས་པ,1,0.027808676307007785
ཉམས,1,0.027808676307007785
ཅང་ཏེའུ་,1,0.027808676307007785
སྙན་,1,0.027808676307007785
ཐད་,1,0.027808676307007785
དཀྲོལ,1,0.027808676307007785
༔གཡོནཔ་,1,0.027808676307007785
ཐུགས་ཀ,1,0.027808676307007785
རེག,1,0.027808676307007785
ཀྱང་,1,0.027808676307007785
༔དབང་,1,0.027808676307007785
དབུ་,1,0.027808676307007785
འཛུམ་,1,0.027808676307007785
༔ཕྱི་རོལ་,1,0.027808676307007785
གར་སྟབས་,1,0.027808676307007785
༔འཁའ་,1,0.027808676307007785
འགྲོ་,1,0.027808676307007785
གླུ་,1,0.027808676307007785
ལྷང,1,0.027808676307007785
༔ཅང་ཏེའུ་,1,0.027808676307007785
དྲིལ་བུ་,1,0.027808676307007785
ངད་,1,0.027808676307007785
ཐུ་,1,0.027808676307007785
ལུ་ལུ,1,0.027808676307007785
༔དེ་ཕྱིར་,1,0.027808676307007785
བསྐོར་,1,0.027808676307007785
༔ཁྲོ་,1,0.027808676307007785
སྲུང་བ,1,0.027808676307007785
བྷྱོ་,1,0.027808676307007785
སྒྲ,1,0.027808676307007785
ཕྱི་རོལ་,1,0.027808676307007785
གཞལ་ཡས་,1,0.027808676307007785
ཁང,1,0.027808676307007785
ལ་མ་,1,0.027808676307007785
འདྲེས་,1,0.027808676307007785
བཞག་,1,0.027808676307007785
ལྟར,1,0.027808676307007785
༔སྒོམ་པ,1,0.027808676307007785
སྐད་ཅིག་,1,0.027808676307007785
དྲན་,1,0.027808676307007785
༔གནས་,1,0.027808676307007785
འབྲུ་,1,0.027808676307007785
ས་པ,1,0.027808676307007785
༔ལྷོ་ནུབ་,1,0.027808676307007785
ཛ,1,0.027808676307007785
༔རང་སྣང་,1,0.027808676307007785
ལྷོ་ནུབ་,1,0.027808676307007785
༔རྔ་ཡབ་,1,0.027808676307007785
དཔའ་,1,0.027808676307007785
༔ཐུགས་རྗེ,1,0.027808676307007785
རླབས་,1,0.027808676307007785
གཤེགས,1,0.027808676307007785
ཌཱ་,1,0.027808676307007785
ཀྐི་,1,0.027808676307007785
ཛཿ,1,0.027808676307007785
ཛཿབཞུགས་,1,0.027808676307007785
༔ཧཱུྃམ་,1,0.027808676307007785
ཟླ་བ,1,0.027808676307007785
གར་,1,0.027808676307007785
ལྷན,1,0.027808676307007785
ཙནྜ་,1,0.027808676307007785
མཎྜ་,1,0.027808676307007785
སྟྭཾ,1,0.027808676307007785
༔བདག་ཅག་,1,0.027808676307007785
དམ་ལྡན་,1,0.027808676307007785
རྣལ་འབྱོར་,1,0.027808676307007785
དྭངས་བ,1,0.027808676307007785
ངང,1,0.027808676307007785
འཚལ,1,0.027808676307007785
མཿཕྱི་,1,0.027808676307007785
ནང་མཆོད་,1,0.027808676307007785
༔ཐུགས་ཀ,1,0.027808676307007785
ཧྲཱིཿ,1,0.027808676307007785
འོད་ཟེར་,1,0.027808676307007785
བཅུ,1,0.027808676307007785
རྒྱལ་བ་,1,0.027808676307007785
སྲས་,1,0.027808676307007785
ཀྱི,1,0.027808676307007785
༔ཐུགས་རྒྱུད་,1,0.027808676307007785
༔ཉམས་རྟོགས་,1,0.027808676307007785
དཔལ་འབྱོར་,1,0.027808676307007785
༔སླར་ཡང་,1,0.027808676307007785
རིགས་,1,0.027808676307007785
དྲུག་,1,0.027808676307007785
ཕོག,1,0.027808676307007785
སྡུག་,1,0.027808676307007785
བསྔུལ་,1,0.027808676307007785
བསྔལ་,1,0.027808676307007785
ཉོན་,1,0.027808676307007785
སྦྱངས,1,0.027808676307007785
༔འགྲོ་,1,0.027808676307007785
༔བཀོད་,1,0.027808676307007785
སྙན་གྲགས་,1,0.027808676307007785
༔བསྡུས་,1,0.027808676307007785
༔འཛབ་,1,0.027808676307007785
དབྱངས་,1,0.027808676307007785
བུང་བ,1,0.027808676307007785
སྒྲ་,1,0.027808676307007785
སྒྲོགས,1,0.027808676307007785
༔ལུས་,1,0.027808676307007785
ང་རྒྱལ་,1,0.027808676307007785
༔ངག་,1,0.027808676307007785
བཟླས་པ,1,0.027808676307007785
སྐྱོན་,1,0.027808676307007785
ཀུན་སྤངས,1,0.027808676307007785
༔སེམས་,1,0.027808676307007785
གསལ,1,0.027808676307007785
༔སྣང་གྲགས་,1,0.027808676307007785
རིགས་གསུམ་,1,0.027808676307007785
༔ངང་,1,0.027808676307007785
མཉམ་བཞག་,1,0.027808676307007785
བཟླས་པ་,1,0.027808676307007785
༔བསྙེན་པ་,1,0.027808676307007785
ཆུ་བོ,1,0.027808676307007785
རྒྱུན་,1,0.027808676307007785
བསྐྱལ,1,0.027808676307007785
༔བགྲང་,1,0.027808676307007785
༔ལྷག་པ,1,0.027808676307007785
བྱིན་,1,0.027808676307007785
བརླབས,1,0.027808676307007785
༔གནས་ཁང་,1,0.027808676307007785
དྲི་ཞིམ་,1,0.027808676307007785
ཁེངས,1,0.027808676307007785
ཧ་རི་,1,0.027808676307007785
ཡུརྫྙཱ་,1,0.027808676307007785
པཱུཎྱཻ་,1,0.027808676307007785
བྷྲུཾ་,1,0.027808676307007785
ནྲྀ་,1,0.027808676307007785
ཛཿསིདྡྷི་,1,0.027808676307007785
འབུམ་ཐེར་,1,0.027808676307007785
༔ཚད་ལྡན་,1,0.027808676307007785
བུདྷ་,1,0.027808676307007785
མཉམ,1,0.027808676307007785
བསླུ་,1,0.027808676307007785
སྲིད,1,0.027808676307007785
༔དམ་ལྡན་,1,0.027808676307007785
བུ་,1,0.027808676307007785
བཟུང་,1,0.027808676307007785
༔ས་,1,0.027808676307007785
ཡ,1,0.027808676307007785
༔རྒྱ་,1,0.027808676307007785
ཨི་,1,0.027808676307007785
ཨཱི་,1,0.027808676307007785
ཨུ་,1,0.027808676307007785
ཨཱུ་,1,0.027808676307007785
རྀ་,1,0.027808676307007785
རཱྀ་,1,0.027808676307007785
ལྀ་,1,0.027808676307007785
ལཱྀ་,1,0.027808676307007785
ཨེ་,1,0.027808676307007785
ཨཻ་,1,0.027808676307007785
ཨོ་,1,0.027808676307007785
ཨཽ་,1,0.027808676307007785
ཨཾ་,1,0.027808676307007785
ཨ,1,0.027808676307007785
༔ཀ་ཁ་,1,0.027808676307007785
གྷ་,1,0.027808676307007785
ཚ་,1,0.027808676307007785
ཛྷ་,1,0.027808676307007785
ཋ་,1,0.027808676307007785
ཌ་,1,0.027808676307007785
ཌྷ་,1,0.027808676307007785
ཎ,1,0.027808676307007785
ཐ་,1,0.027808676307007785
ད་,1,0.027808676307007785
ངྷ་,1,0.027808676307007785
པ་ཕ་བ་,1,0.027808676307007785
ཝ,1,0.027808676307007785
ཥ་,1,0.027808676307007785
ཀྵ,1,0.027808676307007785
ཨཱཿཨོཾ་,1,0.027808676307007785
དྷརམ་,1,0.027808676307007785
ཏུནྟེ་,1,0.027808676307007785
ཥཱ་,1,0.027808676307007785
ནྟ་,1,0.027808676307007785
ཧྱ་,1,0.027808676307007785
དཏ,1,0.027808676307007785
ཥཱཉྩ་,1,0.027808676307007785
ཡོ་,1,0.027808676307007785
དྷཱ་,1,0.027808676307007785
ཨེ་ཝཾ་,1,0.027808676307007785
བཱ་,1,0.027808676307007785
དཱི་,1,0.027808676307007785
ཤྲ་,1,0.027808676307007785
ཎཿསྭཱཧཱ,1,0.027808676307007785
༔༈,1,0.027808676307007785
སྐལ་ལྡན་,1,0.027808676307007785
ཡིད་བཞིན་,1,0.027808676307007785
༔རྗེས་,1,0.027808676307007785
༔སྟག་ལྤགས་,1,0.027808676307007785
གཡང་གཞི,1,0.027808676307007785
༔རྩེ་,1,0.027808676307007785
༔རྩ་བ་,1,0.027808676307007785
ཆང་,1,0.027808676307007785
འབྱོར་,1,0.027808676307007785
ཕུད,1,0.027808676307007785
སྦྱངས་པ་,1,0.027808676307007785
༔འབྲུ་,1,0.027808676307007785
སྤེལ་བ,1,0.027808676307007785
༔ག་,1,0.027808676307007785
ཙཀྲོ,1,0.027808676307007785
ཁྂ,1,0.027808676307007785
ཨཱཿཧཱུྃ,1,0.027808676307007785
གསལ་,1,0.027808676307007785
༔རྂ་,1,0.027808676307007785
ཁྂ་,1,0.027808676307007785
དག་སྦྱངས,1,0.027808676307007785
སྥ་,1,0.027808676307007785
༔བཞུགས་པ,1,0.027808676307007785
ཡི་དམ་,1,0.027808676307007785
འདྲེན་,1,0.027808676307007785
གླུ་གར་,1,0.027808676307007785
༔པི་,1,0.027808676307007785
ཝཾ་,1,0.027808676307007785
གླིང་བུ་,1,0.027808676307007785
ལྷང་,1,0.027808676307007785
ཞབས་གདུབ་,1,0.027808676307007785
འཇོ་,1,0.027808676307007785
ལོ་,1,0.027808676307007785
༔འདོད་ཡོན་,1,0.027808676307007785
༔དགྱེས་པ་,1,0.027808676307007785
ཙཀྲ་,1,0.027808676307007785
པཱུ་,1,0.027808676307007785
སེམས་,1,0.027808676307007785
ཚོགས་གཏོར་,1,0.027808676307007785
༔རང་རིག་,1,0.027808676307007785
ལྷ་མོ,1,0.027808676307007785
སྤྲུལ,1,0.027808676307007785
༔དཔག་མེད་,1,0.027808676307007785
༔དོན་སྣོད་,1,0.027808676307007785
༔རྩ་འཁོར་,1,0.027808676307007785
ཚོགས་ཆེན་,1,0.027808676307007785
མཐའ་དབུས་,1,0.027808676307007785
བྲལ,1,0.027808676307007785
༔གཞན་,1,0.027808676307007785
བསྐང་བ་,1,0.027808676307007785
༔རྒྱལ་སྲིད་,1,0.027808676307007785
རྫས་,1,0.027808676307007785
༔མཁའ་དབྱིངས་,1,0.027808676307007785
ག,1,0.027808676307007785
༔རྟོག་,1,0.027808676307007785
སྦྱོར་བ,1,0.027808676307007785
༔སྦྱོར་སྒྲོལ་,1,0.027808676307007785
༔འདུལ་ཁྲིམས་,1,0.027808676307007785
ཉིས་,1,0.027808676307007785
བརྒྱ་,1,0.027808676307007785
བཅུ་གསུམ,1,0.027808676307007785
༔བྱང་སེམས་,1,0.027808676307007785
དཀར་ནག་,1,0.027808676307007785
རྩ་བ་,1,0.027808676307007785
ཡན་ལག་,1,0.027808676307007785
ལྟུང་,1,0.027808676307007785
༔སྡོམ་,1,0.027808676307007785
རྒྱལ་,1,0.027808676307007785
བདེ་བ་,1,0.027808676307007785
སྩོལ་,1,0.027808676307007785
༔ཡི་དམ་,1,0.027808676307007785
༔སྒྲུབ་པ་པོ་,1,0.027808676307007785
གྲོགས་,1,0.027808676307007785
༔ཚོགས་གཏོར་,1,0.027808676307007785
ཨཱཿབསྒྲལ་,1,0.027808676307007785
བསྟོབ་པ་,1,0.027808676307007785
ཀུན་བརྟགས་,1,0.027808676307007785
མ་རིག་,1,0.027808676307007785
༔བྱུང་བ,1,0.027808676307007785
དམ་ཉམས་,1,0.027808676307007785
༔་རྡོ་རྗེ་,1,0.027808676307007785
འབར་བ,1,0.027808676307007785
མཚོན་,1,0.027808676307007785
གཏུབ,1,0.027808676307007785
༔རྣམ་ཤེས་,1,0.027808676307007785
ཆོས་དབྱིངས་,1,0.027808676307007785
ཨཱཿགཟུགས་ཕུང་,1,0.027808676307007785
༔ལྷག་མེད་,1,0.027808676307007785
ཅིག་,1,0.027808676307007785
༔རུ་,1,0.027808676307007785
ཏྲ་,1,0.027808676307007785
ཀིང་,1,0.027808676307007785
ཏི་ལ་,1,0.027808676307007785
ཆེན་པོ་,1,0.027808676307007785
བཟང་པོ,1,0.027808676307007785
བལྟ,1,0.027808676307007785
༔བདེ་ཆེན་,1,0.027808676307007785
༔བཟང་ངན་,1,0.027808676307007785
བཏབ་པ་,1,0.027808676307007785
མཆེད་ལྕམ་,1,0.027808676307007785
ཕོ་མོ་,1,0.027808676307007785
༔གཟུང་འཛིན་,1,0.027808676307007785
ཀུན་རྟོག་,1,0.027808676307007785
༔བླང་དོར་,1,0.027808676307007785
ཀ་དག་,1,0.027808676307007785
༔ཆོས་ཉིད་,1,0.027808676307007785
༔ཨ་ལ་,1,0.027808676307007785
༔ལྷ་,1,0.027808676307007785
༔བྷྱོ,1,0.027808676307007785
དབང་པ་,1,0.027808676307007785
༔ཕ་,1,0.027808676307007785
ལྷག་མ,1,0.027808676307007785
༔དལ་ཡམས་,1,0.027808676307007785
འཁྲུགས་,1,0.027808676307007785
རྩོད་,1,0.027808676307007785
༔ཨུཥྩི་,1,0.027808676307007785
༔བཞེངས་,1,0.027808676307007785
༔བྱང་ཆུབ་,1,0.027808676307007785
སྒྲུབ་པ,1,0.027808676307007785
༔རྩ་,1,0.027808676307007785
རླུང་,1,0.027808676307007785
ཐིག་ལེ་,1,0.027808676307007785
ཉམས་པ་,1,0.027808676307007785
གསོས,1,0.027808676307007785
༔སྒྲུབ་པ,1,0.027808676307007785
འབྲས་བུ་,1,0.027808676307007785
༔སྔོན་ཚེ་,1,0.027808676307007785
གནས་མཆོག་,1,0.027808676307007785
ཏུ,1,0.027808676307007785
རྒྱུད་སྡེ་,1,0.027808676307007785
ཞལ་,1,0.027808676307007785
ཕྱེས་,1,0.027808676307007785
ཐེག་པ,1,0.027808676307007785
སྲུང་མ,1,0.027808676307007785
བོད་ཡུལ་,1,0.027808676307007785
༔པདྨ,1,0.027808676307007785
༔སྲིད་པ,1,0.027808676307007785
ལྷ་སྲིན་,1,0.027808676307007785
ཐམས་ཅད་,1,0.027808676307007785
༔སྲོག་,1,0.027808676307007785
ཕུལ་,1,0.027808676307007785
དམ་,1,0.027808676307007785
བཞག,1,0.027808676307007785
༔ཐ་མ་,1,0.027808676307007785
༔ཟབ་,1,0.027808676307007785
དབུགས་དབྱུང་,1,0.027808676307007785
༔སྤྲད་,1,0.027808676307007785
བཀའ་སྲུང་,1,0.027808676307007785
གཉན་པོ་,1,0.027808676307007785
༔ཁ,1,0.027808676307007785
བླངས་,1,0.027808676307007785
བཅོལ་བ,1,0.027808676307007785
བྷྱོ,1,0.027808676307007785
བོད་,1,0.027808676307007785
ཁམས་,1,0.027808676307007785
སྐྱོང,1,0.027808676307007785
སྲིད་,1,0.027808676307007785
བརྟན་མ་,1,0.027808676307007785
བཅུ་གཉིས་,1,0.027808676307007785
བྱོན་,1,0.027808676307007785
དམ་རྫས་,1,0.027808676307007785
༔བསྟན་,1,0.027808676307007785
གནོད་,1,0.027808676307007785
༔མ་མ་,1,0.027808676307007785
ཧིཿརྟ་,1,0.027808676307007785
༔ལོག་འདྲེན་,1,0.027808676307007785
གདོན་བགེགས་,1,0.027808676307007785
དམ་སྲི་,1,0.027808676307007785
༔ཧོམ་ཁུང་,1,0.027808676307007785
གཏིང་ཟབ་,1,0.027808676307007785
སྐྱུར,1,0.027808676307007785
༔ཐེག་,1,0.027808676307007785
དགུ་,1,0.027808676307007785
མནན,1,0.027808676307007785
༔ནམ་ཡང་,1,0.027808676307007785
ལྡང་བ,1,0.027808676307007785
གྱུར་ཅིག,1,0.027808676307007785
༔སྟཾ་,1,0.027808676307007785
ནན,1,0.027808676307007785
༔བསྙེན་སྒྲུབ་,1,0.027808676307007785
ཐེམ་,1,0.027808676307007785
སྩོལ་བ,1,0.027808676307007785
དུས་,1,0.027808676307007785
བབ,1,0.027808676307007785
༔སྒོ་གསུམ་,1,0.027808676307007785
བསྐུར,1,0.027808676307007785
༔བྱིན་རླབས་,1,0.027808676307007785
༔ཀཱ་,1,0.027808676307007785
ཝཱཀྐ་,1,0.027808676307007785
༔ཏིང་འཛིན་,1,0.027808676307007785
བྱིང་རྨུགས་,1,0.027808676307007785
འཐིབ་པ་,1,0.027808676307007785
༔ཆོ་ག་,1,0.027808676307007785
ཆད་ལྷག་,1,0.027808676307007785
འགལ་,1,0.027808676307007785
མཆིས་,1,0.027808676307007785
བཟོད་པ,1,0.027808676307007785
༔ཡིག་བརྒྱ་,1,0.027808676307007785
བརྗོད,1,0.027808676307007785
ཨཱཿརྫོགས་རིམ་,1,0.027808676307007785
ནིཧོཿརང་ཉིད་,1,0.027808676307007785
མུ,1,0.027808676307007785
༔རྗེས་ཐོབ་,1,0.027808676307007785
སྨིག་རྒྱུ,1,0.027808676307007785
ལྷ་སྐུ,1,0.027808676307007785
ལྡང,1,0.027808676307007785
༔བསྔོ་སྨོན་,1,0.027808676307007785
༔དུས་གསུམ་,1,0.027808676307007785
ཡོད་,1,0.027808676307007785
དགེ་རྩ་,1,0.027808676307007785
༔གདོད་མ,1,0.027808676307007785
བྱང་,1,0.027808676307007785
རྒྱུ་,1,0.027808676307007785
ཚོམ་བུ་,1,0.027808676307007785
༔དཀོན་མཆོག་,1,0.027808676307007785
བདེན་,1,0.027808676307007785
སྟོབས་,1,0.027808676307007785
རྟེན་འབྲེལ་,1,0.027808676307007785
ལེགས་ཚོགས་,1,0.027808676307007785
༔བདུད་,1,0.027808676307007785
༔འཇིགས་,1,0.027808676307007785
༔ཚེ་བསོད་,1,0.027808676307007785
བསྐྱེད་,1,0.027808676307007785
༔སྣང་ཞེན་,1,0.027808676307007785
ལྷ་སྐུ་,1,0.027808676307007785
གྲགས་,1,0.027808676307007785
སྔགས,1,0.027808676307007785
བློ་འདས་,1,0.027808676307007785
སྨིན,1,0.027808676307007785
༔རྫོགས་པ་,1,0.027808676307007785
༔ཨ་,1,0.027808676307007785
ཧོཿའདི་ལྟར་,1,0.027808676307007785
ཟབ་པ,1,0.027808676307007785
གནད,1,0.027808676307007785
༔ཡང་,1,0.027808676307007785
གཏེར,1,0.027808676307007785
༔ཕྱི་རབས་,1,0.027808676307007785
ལས་ཅན་,1,0.027808676307007785
༔མཁའ་འགྲོ,1,0.027808676307007785
ལུང་,1,0.027808676307007785
དྲོད་,1,0.027808676307007785
ཉམས་པ,1,0.027808676307007785
རིག་བྱེད་,1,0.027808676307007785
༔ཏེར་,1,0.027808676307007785
སྲུང་,1,0.027808676307007785
བཙརྗན་,1,0.027808676307007785
མེལ་ཚེ་,1,0.027808676307007785
ལག་ཁྱེར་,1,0.027808676307007785
སྙིང་ཁྲག་,1,0.027808676307007785
༔ཨྀཋི,1,0.027808676307007785
༔རྒྱ,1,0.027808676307007785
༔མངྒ་,1,0.027808676307007785
ལཾ,1,0.027808676307007785
